Date,Total_Attempts,Correct_Attempts,Daily_Accuracy_Percent
2025-07-25,11,9,81.8
2025-07-28,11,5,45.5
2025-07-30,10,9,90.0
2025-08-01,11,7,63.6
2025-08-06,12,9,75.0
2025-08-28,12,9,75.0
2025-09-04,24,16,66.7
2025-09-06,10,9,90.0
2025-09-11,22,18,81.8
2025-09-12,11,9,81.8
2025-09-13,10,10,100.0
2025-09-15,23,15,65.2
2025-09-16,10,10,100.0
2025-09-23,10,8,80.0
2025-09-25,21,16,76.2
2025-09-26,10,10,100.0
2025-09-27,3,1,33.300000000000004
2025-09-29,10,6,60.0
2025-10-02,34,15,44.1
2025-10-03,12,8,66.7
2025-10-06,9,8,88.9
2025-10-09,24,13,54.2
2025-10-13,22,19,86.4
